{
  "$schema": "https://schema.management.azure.com/schemas/2018-05-01/subscriptionDeploymentTemplate.json#",
  "contentVersion": "1.0.0.0",
  "parameters": {
    "resourceGroupName": {
      "type": "string",
      "defaultValue": "learn-0af3ac61-bc0f-4e01-82c8-9a17a24b42a3",
      "metadata": {
        "_parameterType": "resourceGroup",
        "description": "Имя группы ресурсов для ресурса. Рекомендуется поместить ресурсы в одну группу ресурсов для более удобного отслеживания."
      }
    },
    "resourceGroupLocation": {
      "type": "string",
      "defaultValue": "westus",
      "metadata": {
        "_parameterType": "location",
        "description": "Расположение группы ресурсов. Группы ресурсов и ресурсы могут находиться в различных расположениях."
      }
    },
    "resourceLocation": {
      "type": "string",
      "defaultValue": "[parameters('resourceGroupLocation')]",
      "metadata": {
        "_parameterType": "location",
        "description": "Расположение ресурса. По умолчанию используется расположение группы ресурсов, если это не поддерживается поставщиком ресурсов."
      }
    }
  },
  "resources": [
    {
      "type": "Microsoft.Resources/resourceGroups",
      "name": "[parameters('resourceGroupName')]",
      "location": "[parameters('resourceGroupLocation')]",
      "apiVersion": "2019-10-01"
    },
    {
      "type": "Microsoft.Resources/deployments",
      "name": "[concat(parameters('resourceGroupName'), 'Deployment', uniqueString(concat('storageaccountlearn9371', subscription().subscriptionId)))]",
      "resourceGroup": "[parameters('resourceGroupName')]",
      "apiVersion": "2019-10-01",
      "dependsOn": [
        "[parameters('resourceGroupName')]"
      ],
      "properties": {
        "mode": "Incremental",
        "template": {
          "$schema": "https://schema.management.azure.com/schemas/2019-04-01/deploymentTemplate.json#",
          "contentVersion": "1.0.0.0",
          "resources": [
            {
              "sku": {
                "name": "Standard_LRS",
                "tier": "Standard"
              },
              "kind": "Storage",
              "name": "storageaccountlearn9371",
              "type": "Microsoft.Storage/storageAccounts",
              "location": "[parameters('resourceLocation')]",
              "apiVersion": "2017-10-01"
            }
          ]
        }
      }
    }
  ],
  "metadata": {
    "_dependencyType": "storage.azure"
  }
}